complexity,path
9,x-pack/plugins/infra/common/alerting/logs/log_threshold/types.ts
1,x-pack/plugins/infra/common/alerting/metrics/index.ts
1,x-pack/plugins/infra/common/color_palette.ts
2,x-pack/plugins/infra/common/dependency_mocks/index_patterns.ts
4,x-pack/plugins/infra/common/ecs_allowed_list.ts
2,x-pack/plugins/infra/common/formatters/bytes.ts
1,x-pack/plugins/infra/common/formatters/get_custom_metric_label.ts
1,x-pack/plugins/infra/common/formatters/index.ts
6,x-pack/plugins/infra/common/infra_ml/anomaly_results.ts
9,x-pack/plugins/infra/common/infra_ml/job_parameters.ts
5,x-pack/plugins/infra/common/inventory_models/index.ts
2,x-pack/plugins/infra/common/inventory_models/intl_strings.ts
1,x-pack/plugins/infra/common/inventory_models/layouts.ts
1,x-pack/plugins/infra/common/inventory_models/toolbars.ts
9,x-pack/plugins/infra/common/log_analysis/job_parameters.ts
6,x-pack/plugins/infra/common/log_analysis/log_analysis_results.ts
6,x-pack/plugins/infra/common/log_sources/resolved_log_source_configuration.ts
5,x-pack/plugins/infra/common/runtime_types.ts
1,x-pack/plugins/infra/common/snapshot_metric_i18n.ts
1,x-pack/plugins/infra/common/source_configuration/source_configuration.ts
8,x-pack/plugins/infra/common/time/time_key.ts
2,x-pack/plugins/infra/common/time/time_scale.ts
2,x-pack/plugins/infra/common/utils/corrected_percent_convert.ts
2,x-pack/plugins/infra/common/inventory_models/shared/components/cloud_toolbar_items.tsx
1,x-pack/plugins/infra/common/inventory_models/shared/components/metrics_and_groupby_toolbar_items.tsx
5,x-pack/plugins/infra/public/alerting/inventory/rule_data_formatters.ts
4,x-pack/plugins/infra/public/alerting/log_threshold/rule_data_formatters.ts
21,x-pack/plugins/infra/public/alerting/log_threshold/validation.ts
1,x-pack/plugins/infra/public/alerting/metric_threshold/hooks/use_metric_threshold_alert_prefill.ts
4,x-pack/plugins/infra/public/alerting/metric_threshold/hooks/use_metrics_explorer_chart_data.ts
7,x-pack/plugins/infra/public/alerting/metric_threshold/lib/transform_metrics_explorer_data.ts
1,x-pack/plugins/infra/public/alerting/metric_threshold/rule_data_formatters.ts
1,x-pack/plugins/infra/public/apps/common_styles.ts
2,x-pack/plugins/infra/public/components/logging/log_text_stream/item.ts
4,x-pack/plugins/infra/public/containers/logs/log_analysis/log_analysis_module_configuration.ts
32,x-pack/plugins/infra/public/containers/logs/log_analysis/log_analysis_setup_state.ts
1,x-pack/plugins/infra/public/containers/logs/log_analysis/modules/log_entry_categories/module_descriptor.ts
12,x-pack/plugins/infra/public/containers/logs/log_analysis/modules/log_entry_categories/use_log_entry_categories_quality.ts
1,x-pack/plugins/infra/public/containers/logs/log_analysis/modules/log_entry_rate/module_descriptor.ts
3,x-pack/plugins/infra/public/containers/logs/log_entry.ts
3,x-pack/plugins/infra/public/containers/logs/log_filter/log_filter_state.ts
5,x-pack/plugins/infra/public/containers/logs/log_highlights/log_summary_highlights.ts
25,x-pack/plugins/infra/public/containers/logs/log_position/log_position_state.ts
6,x-pack/plugins/infra/public/containers/logs/log_source/log_source.ts
55,x-pack/plugins/infra/public/containers/logs/log_stream/index.ts
2,x-pack/plugins/infra/public/containers/logs/log_stream/use_fetch_log_entries_after.ts
26,x-pack/plugins/infra/public/containers/logs/log_stream/use_fetch_log_entries_around.ts
2,x-pack/plugins/infra/public/containers/logs/log_stream/use_fetch_log_entries_before.ts
2,x-pack/plugins/infra/public/containers/logs/log_summary/bucket_size.ts
1,x-pack/plugins/infra/public/containers/logs/log_summary/with_summary.ts
4,x-pack/plugins/infra/public/containers/metrics_source/use_source_via_http.ts
3,x-pack/plugins/infra/public/containers/ml/infra_ml_module_configuration.ts
7,x-pack/plugins/infra/public/containers/ml/modules/metrics_hosts/module_descriptor.ts
7,x-pack/plugins/infra/public/containers/ml/modules/metrics_k8s/module_descriptor.ts
3,x-pack/plugins/infra/public/hooks/use_kibana_space.ts
4,x-pack/plugins/infra/public/pages/link_to/query_params.ts
9,x-pack/plugins/infra/public/pages/link_to/use_host_ip_to_name.ts
5,x-pack/plugins/infra/public/pages/logs/log_entry_categories/use_log_entry_categories_results.ts
3,x-pack/plugins/infra/public/pages/logs/log_entry_rate/use_dataset_filtering.ts
17,x-pack/plugins/infra/public/pages/logs/log_entry_rate/use_log_entry_anomalies_results.ts
16,x-pack/plugins/infra/public/pages/logs/settings/indices_configuration_form_state.ts
7,x-pack/plugins/infra/public/pages/logs/settings/validation_errors.ts
1,x-pack/plugins/infra/public/pages/metrics/inventory_view/components/node_details/tabs/processes/parse_search_string.ts
1,x-pack/plugins/infra/public/pages/metrics/inventory_view/components/node_details/tabs/properties/build_fields.ts
2,x-pack/plugins/infra/public/pages/metrics/inventory_view/hooks/use_inventory_meta.ts
15,x-pack/plugins/infra/public/pages/metrics/inventory_view/hooks/use_metrics_hosts_anomalies.ts
15,x-pack/plugins/infra/public/pages/metrics/inventory_view/hooks/use_metrics_k8s_anomalies.ts
1,x-pack/plugins/infra/public/pages/metrics/inventory_view/hooks/use_process_list.ts
7,x-pack/plugins/infra/public/pages/metrics/inventory_view/hooks/use_snaphot.ts
22,x-pack/plugins/infra/public/pages/metrics/inventory_view/hooks/use_timeline.ts
1,x-pack/plugins/infra/public/pages/metrics/inventory_view/hooks/use_waffle_filters.ts
1,x-pack/plugins/infra/public/pages/metrics/inventory_view/hooks/use_waffle_options.ts
1,x-pack/plugins/infra/public/pages/metrics/inventory_view/hooks/use_waffle_time.ts
1,x-pack/plugins/infra/public/pages/metrics/inventory_view/hooks/use_waffle_view_state.ts
29,x-pack/plugins/infra/public/pages/metrics/inventory_view/lib/apply_wafflemap_layout.ts
8,x-pack/plugins/infra/public/pages/metrics/inventory_view/lib/calculate_bounds_from_nodes.ts
16,x-pack/plugins/infra/public/pages/metrics/inventory_view/lib/color_from_value.ts
1,x-pack/plugins/infra/public/pages/metrics/inventory_view/lib/convert_bounds_to_percents.ts
2,x-pack/plugins/infra/public/pages/metrics/inventory_view/lib/create_inventory_metric_formatter.ts
3,x-pack/plugins/infra/public/pages/metrics/inventory_view/lib/create_uptime_link.ts
1,x-pack/plugins/infra/public/pages/metrics/inventory_view/lib/field_to_display_name.ts
2,x-pack/plugins/infra/public/pages/metrics/inventory_view/lib/get_color_palette.ts
21,x-pack/plugins/infra/public/pages/metrics/inventory_view/lib/nodes_to_wafflemap.ts
5,x-pack/plugins/infra/public/pages/metrics/inventory_view/lib/size_of_squares.ts
3,x-pack/plugins/infra/public/pages/metrics/inventory_view/lib/sort_nodes.ts
4,x-pack/plugins/infra/public/pages/metrics/inventory_view/lib/type_guards.ts
13,x-pack/plugins/infra/public/pages/metrics/metric_detail/components/helpers.ts
8,x-pack/plugins/infra/public/pages/metrics/metric_detail/hooks/use_metadata.ts
10,x-pack/plugins/infra/public/pages/metrics/metric_detail/hooks/use_metrics_time.ts
1,x-pack/plugins/infra/public/pages/metrics/metric_detail/hooks/use_node_details.ts
3,x-pack/plugins/infra/public/pages/metrics/metric_detail/lib/get_filtered_metrics.ts
10,x-pack/plugins/infra/public/pages/metrics/metrics_explorer/components/helpers/calculate_domain.ts
5,x-pack/plugins/infra/public/pages/metrics/metrics_explorer/components/helpers/create_formatter_for_metric.ts
2,x-pack/plugins/infra/public/pages/metrics/metrics_explorer/components/helpers/create_metric_label.ts
30,x-pack/plugins/infra/public/pages/metrics/metrics_explorer/components/helpers/create_tsvb_link.ts
2,x-pack/plugins/infra/public/pages/metrics/metrics_explorer/components/helpers/get_chart_theme.ts
9,x-pack/plugins/infra/public/pages/metrics/metrics_explorer/components/helpers/metric_to_format.ts
7,x-pack/plugins/infra/public/pages/metrics/metrics_explorer/hooks/use_metric_explorer_state.ts
15,x-pack/plugins/infra/public/pages/metrics/metrics_explorer/hooks/use_metrics_explorer_data.ts
3,x-pack/plugins/infra/public/pages/metrics/metrics_explorer/hooks/use_metrics_explorer_options.ts
5,x-pack/plugins/infra/public/plugin.ts
9,x-pack/plugins/infra/public/test_utils/entries.ts
8,x-pack/plugins/infra/public/utils/convert_interval_to_string.ts
5,x-pack/plugins/infra/public/utils/data_search/normalize_data_search_responses.ts
3,x-pack/plugins/infra/public/utils/data_search/use_data_search_request.ts
2,x-pack/plugins/infra/public/utils/data_search/use_data_search_response_state.ts
76,x-pack/plugins/infra/public/utils/datemath.ts
1,x-pack/plugins/infra/public/utils/handlers.ts
5,x-pack/plugins/infra/public/utils/kuery.ts
3,x-pack/plugins/infra/public/utils/loading_state/loading_result.ts
5,x-pack/plugins/infra/public/utils/log_entry/log_entry.ts
3,x-pack/plugins/infra/public/utils/log_entry/log_entry_highlight.ts
6,x-pack/plugins/infra/public/utils/logs_overview_fetchers.ts
1,x-pack/plugins/infra/public/utils/map_timepicker_quickranges_to_datepicker_ranges.ts
6,x-pack/plugins/infra/public/utils/source_configuration.ts
12,x-pack/plugins/infra/public/utils/styles.ts
3,x-pack/plugins/infra/public/utils/typed_redux.ts
1,x-pack/plugins/infra/public/utils/use_kibana_ui_setting.ts
34,x-pack/plugins/infra/public/utils/use_tracked_promise.ts
18,x-pack/plugins/infra/public/utils/use_url_state.ts
2,x-pack/plugins/infra/public/utils/use_viewport_dimensions.ts
3,x-pack/plugins/infra/public/alerting/common/components/metrics_alert_dropdown.tsx
16,x-pack/plugins/infra/public/alerting/common/criterion_preview_chart/criterion_preview_chart.tsx
10,x-pack/plugins/infra/public/alerting/common/criterion_preview_chart/threshold_annotations.tsx
2,x-pack/plugins/infra/public/alerting/common/group_by_expression/group_by_expression.tsx
2,x-pack/plugins/infra/public/alerting/inventory/components/alert_flyout.tsx
1,x-pack/plugins/infra/public/alerting/inventory/components/expression.test.tsx
58,x-pack/plugins/infra/public/alerting/inventory/components/expression.tsx
19,x-pack/plugins/infra/public/alerting/inventory/components/expression_chart.tsx
24,x-pack/plugins/infra/public/alerting/inventory/components/metric.tsx
1,x-pack/plugins/infra/public/alerting/inventory/components/node_type.tsx
39,x-pack/plugins/infra/public/alerting/inventory/components/validation.tsx
3,x-pack/plugins/infra/public/alerting/log_threshold/components/alert_dropdown.tsx
2,x-pack/plugins/infra/public/alerting/log_threshold/components/alert_flyout.tsx
5,x-pack/plugins/infra/public/alerting/log_threshold/components/expression_editor/criteria.tsx
22,x-pack/plugins/infra/public/alerting/log_threshold/components/expression_editor/criterion.tsx
39,x-pack/plugins/infra/public/alerting/log_threshold/components/expression_editor/criterion_preview_chart.tsx
25,x-pack/plugins/infra/public/alerting/log_threshold/components/expression_editor/editor.tsx
4,x-pack/plugins/infra/public/alerting/log_threshold/components/expression_editor/threshold.tsx
4,x-pack/plugins/infra/public/alerting/log_threshold/components/expression_editor/type_switcher.tsx
2,x-pack/plugins/infra/public/alerting/metric_anomaly/components/alert_flyout.tsx
27,x-pack/plugins/infra/public/alerting/metric_anomaly/components/expression.tsx
7,x-pack/plugins/infra/public/alerting/metric_anomaly/components/influencer_filter.tsx
1,x-pack/plugins/infra/public/alerting/metric_anomaly/components/node_type.tsx
1,x-pack/plugins/infra/public/alerting/metric_anomaly/components/severity_threshold.tsx
1,x-pack/plugins/infra/public/alerting/metric_anomaly/components/validation.tsx
2,x-pack/plugins/infra/public/alerting/metric_threshold/components/alert_flyout.tsx
57,x-pack/plugins/infra/public/alerting/metric_threshold/components/expression.tsx
13,x-pack/plugins/infra/public/alerting/metric_threshold/components/expression_chart.tsx
2,x-pack/plugins/infra/public/alerting/metric_threshold/components/expression_row.test.tsx
21,x-pack/plugins/infra/public/alerting/metric_threshold/components/expression_row.tsx
39,x-pack/plugins/infra/public/alerting/metric_threshold/components/validation.tsx
8,x-pack/plugins/infra/public/apps/legacy_app.tsx
1,x-pack/plugins/infra/public/apps/logs_app.tsx
4,x-pack/plugins/infra/public/apps/metrics_app.tsx
37,x-pack/plugins/infra/public/components/auto_sizer.tsx
37,x-pack/plugins/infra/public/components/autocomplete_field/autocomplete_field.tsx
3,x-pack/plugins/infra/public/components/autocomplete_field/suggestion_item.tsx
3,x-pack/plugins/infra/public/components/basic_table/row_expansion_button.tsx
6,x-pack/plugins/infra/public/components/data_search_error_callout.tsx
3,x-pack/plugins/infra/public/components/data_search_progress.tsx
3,x-pack/plugins/infra/public/components/document_title.tsx
2,x-pack/plugins/infra/public/components/error_page.tsx
2,x-pack/plugins/infra/public/components/formatted_time.tsx
2,x-pack/plugins/infra/public/components/loading_overlay_wrapper.tsx
24,x-pack/plugins/infra/public/components/log_stream/log_stream.tsx
5,x-pack/plugins/infra/public/components/log_stream/log_stream_embeddable.tsx
2,x-pack/plugins/infra/public/components/log_stream/log_stream_error_boundary.tsx
4,x-pack/plugins/infra/public/components/logging/log_analysis_job_status/log_analysis_job_problem_indicator.tsx
1,x-pack/plugins/infra/public/components/logging/log_analysis_job_status/quality_warning_notices.tsx
2,x-pack/plugins/infra/public/components/logging/log_analysis_results/analyze_in_ml_button.tsx
3,x-pack/plugins/infra/public/components/logging/log_analysis_results/anomaly_severity_indicator.tsx
3,x-pack/plugins/infra/public/components/logging/log_analysis_results/category_expression.tsx
1,x-pack/plugins/infra/public/components/logging/log_analysis_results/datasets_selector.tsx
3,x-pack/plugins/infra/public/components/logging/log_analysis_setup/create_job_button.tsx
4,x-pack/plugins/infra/public/components/logging/log_analysis_setup/initial_configuration_step/analysis_setup_indices_form.tsx
11,x-pack/plugins/infra/public/components/logging/log_analysis_setup/initial_configuration_step/analysis_setup_timerange_form.tsx
8,x-pack/plugins/infra/public/components/logging/log_analysis_setup/initial_configuration_step/index_setup_dataset_filter.tsx
11,x-pack/plugins/infra/public/components/logging/log_analysis_setup/initial_configuration_step/index_setup_row.tsx
5,x-pack/plugins/infra/public/components/logging/log_analysis_setup/initial_configuration_step/initial_configuration_step.tsx
16,x-pack/plugins/infra/public/components/logging/log_analysis_setup/process_step/process_step.tsx
1,x-pack/plugins/infra/public/components/logging/log_analysis_setup/setup_flyout/log_entry_categories_setup_view.tsx
1,x-pack/plugins/infra/public/components/logging/log_analysis_setup/setup_flyout/log_entry_rate_setup_view.tsx
5,x-pack/plugins/infra/public/components/logging/log_analysis_setup/setup_flyout/module_list_card.tsx
10,x-pack/plugins/infra/public/components/logging/log_analysis_setup/setup_flyout/setup_flyout.tsx
2,x-pack/plugins/infra/public/components/logging/log_analysis_setup/user_management_link.tsx
3,x-pack/plugins/infra/public/components/logging/log_datepicker.tsx
6,x-pack/plugins/infra/public/components/logging/log_entry_examples/log_entry_examples.tsx
8,x-pack/plugins/infra/public/components/logging/log_entry_flyout/log_entry_actions_menu.tsx
7,x-pack/plugins/infra/public/components/logging/log_entry_flyout/log_entry_fields_table.tsx
14,x-pack/plugins/infra/public/components/logging/log_entry_flyout/log_entry_flyout.tsx
5,x-pack/plugins/infra/public/components/logging/log_highlights_menu.tsx
6,x-pack/plugins/infra/public/components/logging/log_minimap/density_chart.tsx
2,x-pack/plugins/infra/public/components/logging/log_minimap/highlighted_interval.tsx
6,x-pack/plugins/infra/public/components/logging/log_minimap/log_minimap.tsx
2,x-pack/plugins/infra/public/components/logging/log_minimap/search_marker.tsx
4,x-pack/plugins/infra/public/components/logging/log_minimap/search_marker_tooltip.tsx
2,x-pack/plugins/infra/public/components/logging/log_minimap/search_markers.tsx
2,x-pack/plugins/infra/public/components/logging/log_minimap/time_label_formatter.tsx
1,x-pack/plugins/infra/public/components/logging/log_minimap/time_ruler.tsx
2,x-pack/plugins/infra/public/components/logging/log_search_controls/log_search_buttons.tsx
2,x-pack/plugins/infra/public/components/logging/log_search_controls/log_search_input.tsx
9,x-pack/plugins/infra/public/components/logging/log_source_error_page.tsx
1,x-pack/plugins/infra/public/components/logging/log_text_scale_controls.tsx
20,x-pack/plugins/infra/public/components/logging/log_text_stream/column_headers.tsx
11,x-pack/plugins/infra/public/components/logging/log_text_stream/field_value.tsx
3,x-pack/plugins/infra/public/components/logging/log_text_stream/highlighting.tsx
26,x-pack/plugins/infra/public/components/logging/log_text_stream/loading_item_view.tsx
17,x-pack/plugins/infra/public/components/logging/log_text_stream/log_entry_column.tsx
2,x-pack/plugins/infra/public/components/logging/log_text_stream/log_entry_context_menu.tsx
7,x-pack/plugins/infra/public/components/logging/log_text_stream/log_entry_field_column.tsx
19,x-pack/plugins/infra/public/components/logging/log_text_stream/log_entry_message_column.tsx
35,x-pack/plugins/infra/public/components/logging/log_text_stream/log_entry_row.tsx
1,x-pack/plugins/infra/public/components/logging/log_text_stream/log_entry_timestamp_column.tsx
2,x-pack/plugins/infra/public/components/logging/log_text_stream/measurable_item_view.tsx
74,x-pack/plugins/infra/public/components/logging/log_text_stream/scrollable_log_text_stream_view.tsx
2,x-pack/plugins/infra/public/components/logging/log_text_stream/text_styles.tsx
29,x-pack/plugins/infra/public/components/logging/log_text_stream/vertical_scroll_panel.tsx
3,x-pack/plugins/infra/public/components/resettable_error_boundary.tsx
5,x-pack/plugins/infra/public/components/saved_views/manage_views_flyout.tsx
19,x-pack/plugins/infra/public/components/saved_views/toolbar_control.tsx
5,x-pack/plugins/infra/public/components/saved_views/view_list_modal.tsx
4,x-pack/plugins/infra/public/components/subscription_splash_content.tsx
1,x-pack/plugins/infra/public/containers/logs/log_analysis/log_analysis_capabilities.tsx
7,x-pack/plugins/infra/public/containers/logs/log_analysis/log_analysis_cleanup.tsx
6,x-pack/plugins/infra/public/containers/logs/log_analysis/log_analysis_module.tsx
4,x-pack/plugins/infra/public/containers/logs/log_analysis/log_analysis_module_definition.tsx
33,x-pack/plugins/infra/public/containers/logs/log_analysis/log_analysis_module_status.tsx
5,x-pack/plugins/infra/public/containers/logs/log_filter/with_log_filter_url_state.tsx
28,x-pack/plugins/infra/public/containers/logs/log_flyout.tsx
7,x-pack/plugins/infra/public/containers/logs/log_highlights/log_entry_highlights.tsx
16,x-pack/plugins/infra/public/containers/logs/log_highlights/next_and_previous.tsx
39,x-pack/plugins/infra/public/containers/logs/log_position/with_log_position_url_state.tsx
4,x-pack/plugins/infra/public/containers/logs/log_summary/log_summary.tsx
11,x-pack/plugins/infra/public/containers/logs/with_log_textview.tsx
19,x-pack/plugins/infra/public/containers/metrics_explorer/with_metrics_explorer_options_url_state.tsx
13,x-pack/plugins/infra/public/containers/metrics_source/source.tsx
1,x-pack/plugins/infra/public/containers/ml/infra_ml_capabilities.tsx
7,x-pack/plugins/infra/public/containers/ml/infra_ml_cleanup.tsx
4,x-pack/plugins/infra/public/containers/ml/infra_ml_module_definition.tsx
32,x-pack/plugins/infra/public/containers/ml/infra_ml_module_status.tsx
32,x-pack/plugins/infra/public/containers/saved_view/saved_view.tsx
9,x-pack/plugins/infra/public/containers/with_kuery_autocompletion.tsx
1,x-pack/plugins/infra/public/containers/with_source/with_source.tsx
4,x-pack/plugins/infra/public/hooks/use_bulk_get_saved_object.tsx
4,x-pack/plugins/infra/public/hooks/use_create_saved_object.tsx
2,x-pack/plugins/infra/public/hooks/use_delete_saved_object.tsx
8,x-pack/plugins/infra/public/hooks/use_find_saved_object.tsx
4,x-pack/plugins/infra/public/hooks/use_get_saved_object.tsx
10,x-pack/plugins/infra/public/hooks/use_http_request.tsx
2,x-pack/plugins/infra/public/hooks/use_kibana_index_patterns.mock.tsx
5,x-pack/plugins/infra/public/hooks/use_kibana_timefilter_time.tsx
35,x-pack/plugins/infra/public/hooks/use_link_props.tsx
1,x-pack/plugins/infra/public/hooks/use_prefix_path_with_basepath.tsx
1,x-pack/plugins/infra/public/hooks/use_readonly_badge.tsx
4,x-pack/plugins/infra/public/hooks/use_update_saved_object.tsx
4,x-pack/plugins/infra/public/pages/link_to/redirect_to_host_detail_via_ip.tsx
11,x-pack/plugins/infra/public/pages/link_to/redirect_to_inventory.tsx
1,x-pack/plugins/infra/public/pages/link_to/redirect_to_logs.tsx
2,x-pack/plugins/infra/public/pages/link_to/redirect_to_node_detail.tsx
3,x-pack/plugins/infra/public/pages/link_to/redirect_to_node_logs.tsx
9,x-pack/plugins/infra/public/pages/logs/log_entry_categories/page_content.tsx
6,x-pack/plugins/infra/public/pages/logs/log_entry_categories/page_providers.tsx
5,x-pack/plugins/infra/public/pages/logs/log_entry_categories/page_results_content.tsx
2,x-pack/plugins/infra/public/pages/logs/log_entry_categories/sections/top_categories/analyze_dataset_in_ml_action.tsx
2,x-pack/plugins/infra/public/pages/logs/log_entry_categories/sections/top_categories/category_example_message.tsx
2,x-pack/plugins/infra/public/pages/logs/log_entry_categories/sections/top_categories/log_entry_count_sparkline.tsx
5,x-pack/plugins/infra/public/pages/logs/log_entry_categories/sections/top_categories/single_metric_comparison.tsx
1,x-pack/plugins/infra/public/pages/logs/log_entry_categories/sections/top_categories/single_metric_sparkline.tsx
23,x-pack/plugins/infra/public/pages/logs/log_entry_rate/page_content.tsx
6,x-pack/plugins/infra/public/pages/logs/log_entry_rate/page_providers.tsx
9,x-pack/plugins/infra/public/pages/logs/log_entry_rate/page_results_content.tsx
4,x-pack/plugins/infra/public/pages/logs/log_entry_rate/sections/anomalies/anomalies_swimlane_visualisation.tsx
2,x-pack/plugins/infra/public/pages/logs/log_entry_rate/sections/anomalies/expanded_row.tsx
2,x-pack/plugins/infra/public/pages/logs/log_entry_rate/sections/anomalies/index.tsx
12,x-pack/plugins/infra/public/pages/logs/log_entry_rate/sections/anomalies/log_entry_example.tsx
11,x-pack/plugins/infra/public/pages/logs/log_entry_rate/sections/anomalies/table.tsx
1,x-pack/plugins/infra/public/pages/logs/log_entry_rate/use_log_entry_rate_results_url_state.tsx
1,x-pack/plugins/infra/public/pages/logs/page_content.tsx
2,x-pack/plugins/infra/public/pages/logs/page_template.tsx
21,x-pack/plugins/infra/public/pages/logs/settings/form_elements.tsx
1,x-pack/plugins/infra/public/pages/logs/settings/form_field_props.tsx
4,x-pack/plugins/infra/public/pages/logs/settings/index_pattern_configuration_panel.tsx
4,x-pack/plugins/infra/public/pages/logs/settings/index_pattern_selector.tsx
4,x-pack/plugins/infra/public/pages/logs/settings/indices_configuration_panel.tsx
11,x-pack/plugins/infra/public/pages/logs/settings/log_columns_configuration_panel.tsx
10,x-pack/plugins/infra/public/pages/logs/settings/source_configuration_form_errors.tsx
3,x-pack/plugins/infra/public/pages/logs/settings/source_configuration_form_state.tsx
12,x-pack/plugins/infra/public/pages/logs/settings/source_configuration_settings.tsx
4,x-pack/plugins/infra/public/pages/logs/stream/page_content.tsx
28,x-pack/plugins/infra/public/pages/logs/stream/page_logs_content.tsx
2,x-pack/plugins/infra/public/pages/logs/stream/page_no_indices_content.tsx
9,x-pack/plugins/infra/public/pages/logs/stream/page_providers.tsx
13,x-pack/plugins/infra/public/pages/logs/stream/page_view_log_in_context.tsx
3,x-pack/plugins/infra/public/pages/metrics/index.tsx
7,x-pack/plugins/infra/public/pages/metrics/inventory_view/components/bottom_drawer.tsx
14,x-pack/plugins/infra/public/pages/metrics/inventory_view/components/layout.tsx
4,x-pack/plugins/infra/public/pages/metrics/inventory_view/components/ml/anomaly_detection/anomalies_table/annomaly_summary.tsx
34,x-pack/plugins/infra/public/pages/metrics/inventory_view/components/ml/anomaly_detection/anomalies_table/anomalies_table.tsx
2,x-pack/plugins/infra/public/pages/metrics/inventory_view/components/ml/anomaly_detection/anomalies_table/pagination.tsx
7,x-pack/plugins/infra/public/pages/metrics/inventory_view/components/ml/anomaly_detection/anomaly_detection_flyout.tsx
23,x-pack/plugins/infra/public/pages/metrics/inventory_view/components/ml/anomaly_detection/flyout_home.tsx
36,x-pack/plugins/infra/public/pages/metrics/inventory_view/components/ml/anomaly_detection/job_setup_screen.tsx
3,x-pack/plugins/infra/public/pages/metrics/inventory_view/components/node_details/overlay.tsx
1,x-pack/plugins/infra/public/pages/metrics/inventory_view/components/node_details/tabs/logs.tsx
28,x-pack/plugins/infra/public/pages/metrics/inventory_view/components/node_details/tabs/metrics/metrics.tsx
2,x-pack/plugins/infra/public/pages/metrics/inventory_view/components/node_details/tabs/osquery/index.tsx
6,x-pack/plugins/infra/public/pages/metrics/inventory_view/components/node_details/tabs/processes/index.tsx
3,x-pack/plugins/infra/public/pages/metrics/inventory_view/components/node_details/tabs/processes/process_row.tsx
11,x-pack/plugins/infra/public/pages/metrics/inventory_view/components/node_details/tabs/processes/process_row_charts.tsx
16,x-pack/plugins/infra/public/pages/metrics/inventory_view/components/node_details/tabs/processes/processes_table.tsx
1,x-pack/plugins/infra/public/pages/metrics/inventory_view/components/node_details/tabs/processes/state_badge.tsx
5,x-pack/plugins/infra/public/pages/metrics/inventory_view/components/node_details/tabs/processes/summary_table.tsx
7,x-pack/plugins/infra/public/pages/metrics/inventory_view/components/node_details/tabs/properties/index.tsx
4,x-pack/plugins/infra/public/pages/metrics/inventory_view/components/node_details/tabs/properties/table.tsx
7,x-pack/plugins/infra/public/pages/metrics/inventory_view/components/nodes_overview.tsx
1,x-pack/plugins/infra/public/pages/metrics/inventory_view/components/search_bar.tsx
18,x-pack/plugins/infra/public/pages/metrics/inventory_view/components/table_view.tsx
26,x-pack/plugins/infra/public/pages/metrics/inventory_view/components/timeline/timeline.tsx
9,x-pack/plugins/infra/public/pages/metrics/inventory_view/components/waffle/conditional_tooltip.tsx
2,x-pack/plugins/infra/public/pages/metrics/inventory_view/components/waffle/custom_field_panel.tsx
2,x-pack/plugins/infra/public/pages/metrics/inventory_view/components/waffle/gradient_legend.tsx
5,x-pack/plugins/infra/public/pages/metrics/inventory_view/components/waffle/group_name.tsx
2,x-pack/plugins/infra/public/pages/metrics/inventory_view/components/waffle/group_of_nodes.tsx
1,x-pack/plugins/infra/public/pages/metrics/inventory_view/components/waffle/interval_label.tsx
4,x-pack/plugins/infra/public/pages/metrics/inventory_view/components/waffle/legend.tsx
13,x-pack/plugins/infra/public/pages/metrics/inventory_view/components/waffle/legend_controls.tsx
5,x-pack/plugins/infra/public/pages/metrics/inventory_view/components/waffle/map.tsx
16,x-pack/plugins/infra/public/pages/metrics/inventory_view/components/waffle/metric_control/custom_metric_form.tsx
14,x-pack/plugins/infra/public/pages/metrics/inventory_view/components/waffle/metric_control/index.tsx
8,x-pack/plugins/infra/public/pages/metrics/inventory_view/components/waffle/metric_control/metrics_context_menu.tsx
2,x-pack/plugins/infra/public/pages/metrics/inventory_view/components/waffle/metric_control/mode_switcher.tsx
13,x-pack/plugins/infra/public/pages/metrics/inventory_view/components/waffle/node.tsx
13,x-pack/plugins/infra/public/pages/metrics/inventory_view/components/waffle/node_context_menu.tsx
1,x-pack/plugins/infra/public/pages/metrics/inventory_view/components/waffle/stepped_gradient_legend.tsx
1,x-pack/plugins/infra/public/pages/metrics/inventory_view/components/waffle/steps_legend.tsx
5,x-pack/plugins/infra/public/pages/metrics/inventory_view/components/waffle/waffle_accounts_controls.tsx
14,x-pack/plugins/infra/public/pages/metrics/inventory_view/components/waffle/waffle_group_by_controls.tsx
5,x-pack/plugins/infra/public/pages/metrics/inventory_view/components/waffle/waffle_region_controls.tsx
3,x-pack/plugins/infra/public/pages/metrics/inventory_view/components/waffle/waffle_sort_controls.tsx
4,x-pack/plugins/infra/public/pages/metrics/inventory_view/components/waffle/waffle_time_controls.tsx
8,x-pack/plugins/infra/public/pages/metrics/inventory_view/index.tsx
11,x-pack/plugins/infra/public/pages/metrics/metric_detail/components/chart_section_vis.tsx
7,x-pack/plugins/infra/public/pages/metrics/metric_detail/components/gauges_section_vis.tsx
16,x-pack/plugins/infra/public/pages/metrics/metric_detail/components/metadata_details.tsx
7,x-pack/plugins/infra/public/pages/metrics/metric_detail/components/node_details_page.tsx
3,x-pack/plugins/infra/public/pages/metrics/metric_detail/components/page_body.tsx
1,x-pack/plugins/infra/public/pages/metrics/metric_detail/components/page_error.tsx
9,x-pack/plugins/infra/public/pages/metrics/metric_detail/components/section.tsx
7,x-pack/plugins/infra/public/pages/metrics/metric_detail/components/series_chart.tsx
2,x-pack/plugins/infra/public/pages/metrics/metric_detail/components/side_nav.tsx
4,x-pack/plugins/infra/public/pages/metrics/metric_detail/components/sub_section.tsx
3,x-pack/plugins/infra/public/pages/metrics/metric_detail/components/time_controls.tsx
5,x-pack/plugins/infra/public/pages/metrics/metric_detail/index.tsx
2,x-pack/plugins/infra/public/pages/metrics/metrics_explorer/components/aggregation.tsx
14,x-pack/plugins/infra/public/pages/metrics/metrics_explorer/components/chart.tsx
20,x-pack/plugins/infra/public/pages/metrics/metrics_explorer/components/chart_context_menu.tsx
6,x-pack/plugins/infra/public/pages/metrics/metrics_explorer/components/chart_title.tsx
12,x-pack/plugins/infra/public/pages/metrics/metrics_explorer/components/charts.tsx
9,x-pack/plugins/infra/public/pages/metrics/metrics_explorer/components/group_by.tsx
5,x-pack/plugins/infra/public/pages/metrics/metrics_explorer/components/kuery_bar.tsx
5,x-pack/plugins/infra/public/pages/metrics/metrics_explorer/components/metrics.tsx
12,x-pack/plugins/infra/public/pages/metrics/metrics_explorer/components/series_chart.tsx
4,x-pack/plugins/infra/public/pages/metrics/metrics_explorer/components/toolbar.tsx
1,x-pack/plugins/infra/public/pages/metrics/metrics_explorer/hooks/use_metric_explorer_state.test.tsx
1,x-pack/plugins/infra/public/pages/metrics/metrics_explorer/hooks/use_metrics_explorer_options.test.tsx
4,x-pack/plugins/infra/public/pages/metrics/metrics_explorer/index.tsx
2,x-pack/plugins/infra/public/pages/metrics/page_template.tsx
1,x-pack/plugins/infra/public/pages/metrics/settings/input_fields.tsx
1,x-pack/plugins/infra/public/pages/metrics/settings/source_configuration_form_state.tsx
15,x-pack/plugins/infra/public/pages/metrics/settings/source_configuration_settings.tsx
1,x-pack/plugins/infra/public/test_utils/use_global_storybook_theme.tsx
2,x-pack/plugins/infra/public/utils/enzyme_helpers.tsx
1,x-pack/plugins/infra/public/utils/log_column_render_configuration.tsx
3,x-pack/plugins/infra/public/utils/redirect_with_query_params.tsx
5,x-pack/plugins/infra/public/utils/typed_react.tsx
23,x-pack/plugins/infra/public/utils/url_state.tsx
12,x-pack/plugins/infra/server/deprecations.ts
11,x-pack/plugins/infra/server/lib/adapters/framework/kibana_framework_adapter.ts
22,x-pack/plugins/infra/server/lib/adapters/log_entries/kibana_log_entries_adapter.ts
11,x-pack/plugins/infra/server/lib/adapters/metrics/kibana_metrics_adapter.ts
1,x-pack/plugins/infra/server/lib/adapters/metrics/lib/check_valid_node.ts
5,x-pack/plugins/infra/server/lib/adapters/source_status/elasticsearch_source_status_adapter.ts
10,x-pack/plugins/infra/server/lib/alerting/common/messages.ts
4,x-pack/plugins/infra/server/lib/alerting/common/utils.ts
30,x-pack/plugins/infra/server/lib/alerting/inventory_metric_threshold/evaluate_condition.ts
46,x-pack/plugins/infra/server/lib/alerting/inventory_metric_threshold/inventory_metric_threshold_executor.ts
22,x-pack/plugins/infra/server/lib/alerting/log_threshold/log_threshold_chart_preview.ts
36,x-pack/plugins/infra/server/lib/alerting/log_threshold/log_threshold_executor.ts
1,x-pack/plugins/infra/server/lib/alerting/log_threshold/reason_formatters.ts
1,x-pack/plugins/infra/server/lib/alerting/log_threshold/register_log_threshold_rule_type.ts
2,x-pack/plugins/infra/server/lib/alerting/metric_anomaly/evaluate_condition.ts
7,x-pack/plugins/infra/server/lib/alerting/metric_anomaly/metric_anomaly_executor.ts
22,x-pack/plugins/infra/server/lib/alerting/metric_anomaly/preview_metric_anomaly_alert.ts
1,x-pack/plugins/infra/server/lib/alerting/metric_threshold/lib/create_percentile_aggregation.ts
4,x-pack/plugins/infra/server/lib/alerting/metric_threshold/lib/create_timerange.ts
67,x-pack/plugins/infra/server/lib/alerting/metric_threshold/lib/evaluate_rule.ts
18,x-pack/plugins/infra/server/lib/alerting/metric_threshold/lib/metric_query.ts
26,x-pack/plugins/infra/server/lib/alerting/metric_threshold/metric_threshold_executor.test.ts
53,x-pack/plugins/infra/server/lib/alerting/metric_threshold/metric_threshold_executor.ts
1,x-pack/plugins/infra/server/lib/alerting/register_rule_types.ts
18,x-pack/plugins/infra/server/lib/domains/log_entries_domain/log_entries_domain.ts
4,x-pack/plugins/infra/server/lib/host_details/process_list.ts
1,x-pack/plugins/infra/server/lib/host_details/process_list_chart.ts
5,x-pack/plugins/infra/server/lib/infra_ml/common.ts
1,x-pack/plugins/infra/server/lib/infra_ml/errors.ts
10,x-pack/plugins/infra/server/lib/infra_ml/metrics_hosts_anomalies.ts
9,x-pack/plugins/infra/server/lib/infra_ml/metrics_k8s_anomalies.ts
2,x-pack/plugins/infra/server/lib/infra_ml/queries/common.ts
7,x-pack/plugins/infra/server/lib/infra_ml/queries/metrics_hosts_anomalies.ts
7,x-pack/plugins/infra/server/lib/infra_ml/queries/metrics_k8s_anomalies.ts
5,x-pack/plugins/infra/server/lib/log_analysis/common.ts
1,x-pack/plugins/infra/server/lib/log_analysis/errors.ts
32,x-pack/plugins/infra/server/lib/log_analysis/log_entry_anomalies.ts
19,x-pack/plugins/infra/server/lib/log_analysis/log_entry_categories_analysis.ts
8,x-pack/plugins/infra/server/lib/log_analysis/log_entry_categories_datasets_stats.ts
12,x-pack/plugins/infra/server/lib/log_analysis/log_entry_rate_analysis.ts
2,x-pack/plugins/infra/server/lib/log_analysis/queries/common.ts
5,x-pack/plugins/infra/server/lib/log_analysis/queries/log_entry_anomalies.ts
2,x-pack/plugins/infra/server/lib/log_analysis/queries/log_entry_examples.ts
1,x-pack/plugins/infra/server/lib/log_analysis/queries/top_log_entry_categories.ts
23,x-pack/plugins/infra/server/lib/metrics/index.ts
18,x-pack/plugins/infra/server/lib/metrics/lib/calculate_bucket_size/calculate_auto.ts
20,x-pack/plugins/infra/server/lib/metrics/lib/calculate_bucket_size/index.ts
8,x-pack/plugins/infra/server/lib/metrics/lib/calculate_bucket_size/unit_to_seconds.ts
4,x-pack/plugins/infra/server/lib/metrics/lib/calculate_interval.ts
2,x-pack/plugins/infra/server/lib/metrics/lib/convert_histogram_buckets_to_timeseries.test.ts
18,x-pack/plugins/infra/server/lib/metrics/lib/convert_histogram_buckets_to_timeseries.ts
4,x-pack/plugins/infra/server/lib/metrics/lib/create_aggregations.ts
1,x-pack/plugins/infra/server/lib/sources/migrations/7_13_0_convert_log_alias_to_log_indices.ts
1,x-pack/plugins/infra/server/lib/sources/migrations/7_16_2_extract_inventory_default_view_reference.ts
1,x-pack/plugins/infra/server/lib/sources/migrations/7_16_2_extract_metrics_explorer_default_view_reference.ts
4,x-pack/plugins/infra/server/lib/sources/migrations/7_9_0_add_new_indexing_strategy_index_names.ts
22,x-pack/plugins/infra/server/lib/sources/saved_object_references.ts
7,x-pack/plugins/infra/server/lib/sources/sources.ts
1,x-pack/plugins/infra/server/plugin.ts
8,x-pack/plugins/infra/server/routes/infra_ml/results/metrics_hosts_anomalies.ts
7,x-pack/plugins/infra/server/routes/infra_ml/results/metrics_k8s_anomalies.ts
10,x-pack/plugins/infra/server/routes/inventory_metadata/lib/get_cloud_metadata.ts
2,x-pack/plugins/infra/server/routes/ip_to_hostname.ts
5,x-pack/plugins/infra/server/routes/log_alerts/chart_preview_data.ts
7,x-pack/plugins/infra/server/routes/log_analysis/results/log_entry_anomalies.ts
7,x-pack/plugins/infra/server/routes/log_analysis/results/log_entry_anomalies_datasets.ts
8,x-pack/plugins/infra/server/routes/log_analysis/results/log_entry_categories.ts
7,x-pack/plugins/infra/server/routes/log_analysis/results/log_entry_category_datasets.ts
7,x-pack/plugins/infra/server/routes/log_analysis/results/log_entry_category_datasets_stats.ts
7,x-pack/plugins/infra/server/routes/log_analysis/results/log_entry_category_examples.ts
7,x-pack/plugins/infra/server/routes/log_analysis/results/log_entry_examples.ts
5,x-pack/plugins/infra/server/routes/log_analysis/validation/datasets.ts
10,x-pack/plugins/infra/server/routes/log_analysis/validation/indices.ts
8,x-pack/plugins/infra/server/routes/log_entries/highlights.ts
12,x-pack/plugins/infra/server/routes/log_sources/configuration.ts
5,x-pack/plugins/infra/server/routes/log_sources/status.ts
2,x-pack/plugins/infra/server/routes/metadata/index.ts
2,x-pack/plugins/infra/server/routes/metadata/lib/get_cloud_metric_metadata.ts
2,x-pack/plugins/infra/server/routes/metadata/lib/get_metric_metadata.ts
5,x-pack/plugins/infra/server/routes/metadata/lib/get_node_info.ts
1,x-pack/plugins/infra/server/routes/metadata/lib/get_pod_node_name.ts
2,x-pack/plugins/infra/server/routes/metadata/lib/pick_feature_name.ts
7,x-pack/plugins/infra/server/routes/metrics_explorer/index.ts
9,x-pack/plugins/infra/server/routes/metrics_explorer/lib/convert_metric_to_metrics_api_metric.ts
11,x-pack/plugins/infra/server/routes/metrics_explorer/lib/convert_request_to_metrics_api_options.ts
4,x-pack/plugins/infra/server/routes/metrics_explorer/lib/find_interval_for_metrics.ts
1,x-pack/plugins/infra/server/routes/metrics_explorer/lib/get_dataset_for_field.ts
5,x-pack/plugins/infra/server/routes/metrics_explorer/lib/query_total_groupings.ts
4,x-pack/plugins/infra/server/routes/metrics_explorer/lib/transform_series.ts
10,x-pack/plugins/infra/server/routes/metrics_sources/index.ts
1,x-pack/plugins/infra/server/routes/overview/lib/convert_es_response_to_top_nodes_response.ts
4,x-pack/plugins/infra/server/routes/overview/lib/create_top_nodes_query.ts
4,x-pack/plugins/infra/server/routes/overview/lib/get_matadata_from_node_bucket.ts
1,x-pack/plugins/infra/server/routes/snapshot/index.ts
16,x-pack/plugins/infra/server/routes/snapshot/lib/apply_metadata_to_last_path.ts
7,x-pack/plugins/infra/server/routes/snapshot/lib/copy_missing_metrics.ts
5,x-pack/plugins/infra/server/routes/snapshot/lib/create_timerange_with_interval.ts
4,x-pack/plugins/infra/server/routes/snapshot/lib/get_metrics_aggregations.ts
20,x-pack/plugins/infra/server/routes/snapshot/lib/get_nodes.ts
2,x-pack/plugins/infra/server/routes/snapshot/lib/query_all_data.ts
11,x-pack/plugins/infra/server/routes/snapshot/lib/transform_metrics_ui_response.ts
10,x-pack/plugins/infra/server/routes/snapshot/lib/transform_request_to_metrics_api_request.ts
8,x-pack/plugins/infra/server/routes/snapshot/lib/transform_snapshot_metrics_to_metrics_api_metrics.ts
5,x-pack/plugins/infra/server/services/log_entries/log_entries_search_strategy.test.ts
31,x-pack/plugins/infra/server/services/log_entries/log_entries_search_strategy.ts
5,x-pack/plugins/infra/server/services/log_entries/log_entry_search_strategy.test.ts
6,x-pack/plugins/infra/server/services/log_entries/log_entry_search_strategy.ts
21,x-pack/plugins/infra/server/services/log_entries/message/message.ts
9,x-pack/plugins/infra/server/services/log_entries/queries/log_entries.ts
3,x-pack/plugins/infra/server/usage/usage_collector.ts
3,x-pack/plugins/infra/server/utils/calculate_metric_interval.ts
1,x-pack/plugins/infra/server/utils/create_afterkey_handler.ts
3,x-pack/plugins/infra/server/utils/get_all_composite_data.ts
2,x-pack/plugins/infra/server/utils/get_all_metrics_data.ts
1,x-pack/plugins/infra/server/utils/get_interval_in_seconds.ts
3,x-pack/plugins/infra/server/utils/request_context.ts
1,x-pack/plugins/infra/server/utils/round_timestamp.ts
6,x-pack/plugins/infra/server/utils/serialized_query.ts
5,x-pack/plugins/infra/server/utils/typed_search_strategy.ts